{
  "metrics": {
    "synthetic": {
      "n_windows": 24990,
      "sfreq_hz": 4096.0,
      "clean_mse_before": 3.5392604331718758e-06,
      "clean_mse_after": 1.8272199667990208e-05,
      "clean_mae_before": 0.0009189959382638335,
      "clean_mae_after": 0.0012697484344244003,
      "clean_snr_db_before": -11.593130111694336,
      "clean_snr_db_after": -18.721912384033203,
      "clean_snr_improvement_db": -7.128782272338867,
      "clean_mse_reduction_pct": -416.27169045637754,
      "artifact_mse": 1.8272199667990208e-05,
      "artifact_mae": 0.0012697484344244003,
      "artifact_corr": 0.15772187648404576,
      "artifact_snr_db": -7.128782749176025,
      "residual_error_rms_ratio": 2.2721612516991616
    }
  },
  "flat_metrics": {
    "synthetic.n_windows": 24990,
    "synthetic.sfreq_hz": 4096.0,
    "synthetic.clean_mse_before": 3.5392604331718758e-06,
    "synthetic.clean_mse_after": 1.8272199667990208e-05,
    "synthetic.clean_mae_before": 0.0009189959382638335,
    "synthetic.clean_mae_after": 0.0012697484344244003,
    "synthetic.clean_snr_db_before": -11.593130111694336,
    "synthetic.clean_snr_db_after": -18.721912384033203,
    "synthetic.clean_snr_improvement_db": -7.128782272338867,
    "synthetic.clean_mse_reduction_pct": -416.27169045637754,
    "synthetic.artifact_mse": 1.8272199667990208e-05,
    "synthetic.artifact_mae": 0.0012697484344244003,
    "synthetic.artifact_corr": 0.15772187648404576,
    "synthetic.artifact_snr_db": -7.128782749176025,
    "synthetic.residual_error_rms_ratio": 2.2721612516991616
  }
}