{
  "metrics": {
    "synthetic": {
      "clean_reconstruction_mse_before": 3.556095862222719e-06,
      "clean_reconstruction_mse_after": 2.821747671077901e-07,
      "clean_snr_db_before": -10.944945993106439,
      "clean_snr_db_after": 0.059606852154090034,
      "artifact_prediction_mse": 2.821578277689696e-07,
      "artifact_prediction_correlation": 0.9595478773117065,
      "residual_rms_ratio": 0.2774100377918546,
      "rms_noisy": 0.0019148595165461302,
      "rms_corrected": 0.00012738093209918588,
      "rms_residual": 0.0005312012508511543
    },
    "per_channel": {
      "artifact_rmse_Fp1": 0.0003917951544281095,
      "artifact_rmse_Fp2": 0.0003265462873969227,
      "artifact_rmse_F7": 0.00018856489623431116,
      "artifact_rmse_F3": 0.00022793530661147088,
      "artifact_rmse_Fz": 0.00029562978306785226,
      "artifact_rmse_F4": 0.0004033466975670308,
      "artifact_rmse_F8": 0.00039730427670292556,
      "artifact_rmse_T3": 0.00039123071474023163,
      "artifact_rmse_C3": 0.00033046715543605387,
      "artifact_rmse_Cz": 0.0004334657860454172,
      "artifact_rmse_C4": 0.0004575627390295267,
      "artifact_rmse_T4": 0.0007233492215164006,
      "artifact_rmse_T5": 0.00048687795060686767,
      "artifact_rmse_P3": 0.0006844031740911305,
      "artifact_rmse_Pz": 0.0006793730426579714,
      "artifact_rmse_P4": 0.000873092794790864,
      "artifact_rmse_T6": 0.0003805634914897382,
      "artifact_rmse_O1": 0.0008092501084320247,
      "artifact_rmse_O2": 0.0010775693226605654,
      "artifact_rmse_AF4": 0.0001533638860564679,
      "artifact_rmse_AF3": 0.00022731252829544246,
      "artifact_rmse_FC2": 0.000530290650203824,
      "artifact_rmse_FC1": 0.00019098036864306778,
      "artifact_rmse_CP1": 0.0003879861324094236,
      "artifact_rmse_CP2": 0.0005886259605176747,
      "artifact_rmse_PO3": 0.0006438370910473168,
      "artifact_rmse_PO4": 0.0008520593401044607,
      "artifact_rmse_FC6": 0.00045943548320792615,
      "artifact_rmse_FC5": 0.00025028386153280735,
      "artifact_rmse_CP5": 0.00057626684429124
    }
  },
  "flat_metrics": {
    "synthetic.clean_reconstruction_mse_before": 3.556095862222719e-06,
    "synthetic.clean_reconstruction_mse_after": 2.821747671077901e-07,
    "synthetic.clean_snr_db_before": -10.944945993106439,
    "synthetic.clean_snr_db_after": 0.059606852154090034,
    "synthetic.artifact_prediction_mse": 2.821578277689696e-07,
    "synthetic.artifact_prediction_correlation": 0.9595478773117065,
    "synthetic.residual_rms_ratio": 0.2774100377918546,
    "synthetic.rms_noisy": 0.0019148595165461302,
    "synthetic.rms_corrected": 0.00012738093209918588,
    "synthetic.rms_residual": 0.0005312012508511543,
    "per_channel.artifact_rmse_Fp1": 0.0003917951544281095,
    "per_channel.artifact_rmse_Fp2": 0.0003265462873969227,
    "per_channel.artifact_rmse_F7": 0.00018856489623431116,
    "per_channel.artifact_rmse_F3": 0.00022793530661147088,
    "per_channel.artifact_rmse_Fz": 0.00029562978306785226,
    "per_channel.artifact_rmse_F4": 0.0004033466975670308,
    "per_channel.artifact_rmse_F8": 0.00039730427670292556,
    "per_channel.artifact_rmse_T3": 0.00039123071474023163,
    "per_channel.artifact_rmse_C3": 0.00033046715543605387,
    "per_channel.artifact_rmse_Cz": 0.0004334657860454172,
    "per_channel.artifact_rmse_C4": 0.0004575627390295267,
    "per_channel.artifact_rmse_T4": 0.0007233492215164006,
    "per_channel.artifact_rmse_T5": 0.00048687795060686767,
    "per_channel.artifact_rmse_P3": 0.0006844031740911305,
    "per_channel.artifact_rmse_Pz": 0.0006793730426579714,
    "per_channel.artifact_rmse_P4": 0.000873092794790864,
    "per_channel.artifact_rmse_T6": 0.0003805634914897382,
    "per_channel.artifact_rmse_O1": 0.0008092501084320247,
    "per_channel.artifact_rmse_O2": 0.0010775693226605654,
    "per_channel.artifact_rmse_AF4": 0.0001533638860564679,
    "per_channel.artifact_rmse_AF3": 0.00022731252829544246,
    "per_channel.artifact_rmse_FC2": 0.000530290650203824,
    "per_channel.artifact_rmse_FC1": 0.00019098036864306778,
    "per_channel.artifact_rmse_CP1": 0.0003879861324094236,
    "per_channel.artifact_rmse_CP2": 0.0005886259605176747,
    "per_channel.artifact_rmse_PO3": 0.0006438370910473168,
    "per_channel.artifact_rmse_PO4": 0.0008520593401044607,
    "per_channel.artifact_rmse_FC6": 0.00045943548320792615,
    "per_channel.artifact_rmse_FC5": 0.00025028386153280735,
    "per_channel.artifact_rmse_CP5": 0.00057626684429124
  }
}