{
  "metrics": {
    "synthetic": {
      "n_examples": 1860,
      "sfreq_hz": 4096.0,
      "clean_mse_before": 3.034173005289631e-06,
      "clean_mse_after": 1.4662066405435326e-06,
      "clean_mae_before": 0.0007775867125019431,
      "clean_mae_after": 0.0005216702120378613,
      "clean_snr_db_before": -40.39342498779297,
      "clean_snr_db_after": -37.23497009277344,
      "artifact_mse": 1.4662066405435326e-06,
      "artifact_mae": 0.0005216702120378613,
      "artifact_corr": 0.7318006232626255,
      "artifact_snr_db": 3.158451557159424,
      "residual_error_rms_ratio": 0.6951482426101917,
      "input_mean_removed": true,
      "prediction_mean_removed": true,
      "predicted_artifact_edge_abs_mean_uv": 199.44676208496094,
      "predicted_artifact_center_abs_mean_uv": 577.176025390625,
      "predicted_artifact_edge_to_center_abs_ratio": 0.34555619955062866,
      "clean_mse_reduction_pct": 51.67689390198207,
      "clean_snr_improvement_db": 3.1584548950195312
    },
    "niazy": {
      "n_channels": 31,
      "n_samples": 333824,
      "sfreq_hz": 2048.0,
      "n_triggers": 840,
      "corrected_center_epochs": 833,
      "epoch_length_min": 292,
      "epoch_length_median": 292.0,
      "epoch_length_max": 303,
      "trigger_locked_rms_before": 0.008441969752311707,
      "trigger_locked_rms_after": 0.008387579582631588,
      "template_rms_before": 0.008347880095243454,
      "template_rms_after": 0.008291841484606266,
      "template_peak_to_peak_median_before": 0.01524333842098713,
      "template_peak_to_peak_median_after": 0.014647917822003365,
      "predicted_artifact_rms": 0.0005432844045571983,
      "trigger_locked_rms_reduction_pct": 0.644282925382722,
      "template_rms_reduction_pct": 0.6712915135079434,
      "template_peak_to_peak_reduction_pct": 3.9061036535407823
    }
  },
  "flat_metrics": {
    "synthetic.n_examples": 1860,
    "synthetic.sfreq_hz": 4096.0,
    "synthetic.clean_mse_before": 3.034173005289631e-06,
    "synthetic.clean_mse_after": 1.4662066405435326e-06,
    "synthetic.clean_mae_before": 0.0007775867125019431,
    "synthetic.clean_mae_after": 0.0005216702120378613,
    "synthetic.clean_snr_db_before": -40.39342498779297,
    "synthetic.clean_snr_db_after": -37.23497009277344,
    "synthetic.artifact_mse": 1.4662066405435326e-06,
    "synthetic.artifact_mae": 0.0005216702120378613,
    "synthetic.artifact_corr": 0.7318006232626255,
    "synthetic.artifact_snr_db": 3.158451557159424,
    "synthetic.residual_error_rms_ratio": 0.6951482426101917,
    "synthetic.input_mean_removed": true,
    "synthetic.prediction_mean_removed": true,
    "synthetic.predicted_artifact_edge_abs_mean_uv": 199.44676208496094,
    "synthetic.predicted_artifact_center_abs_mean_uv": 577.176025390625,
    "synthetic.predicted_artifact_edge_to_center_abs_ratio": 0.34555619955062866,
    "synthetic.clean_mse_reduction_pct": 51.67689390198207,
    "synthetic.clean_snr_improvement_db": 3.1584548950195312,
    "niazy.n_channels": 31,
    "niazy.n_samples": 333824,
    "niazy.sfreq_hz": 2048.0,
    "niazy.n_triggers": 840,
    "niazy.corrected_center_epochs": 833,
    "niazy.epoch_length_min": 292,
    "niazy.epoch_length_median": 292.0,
    "niazy.epoch_length_max": 303,
    "niazy.trigger_locked_rms_before": 0.008441969752311707,
    "niazy.trigger_locked_rms_after": 0.008387579582631588,
    "niazy.template_rms_before": 0.008347880095243454,
    "niazy.template_rms_after": 0.008291841484606266,
    "niazy.template_peak_to_peak_median_before": 0.01524333842098713,
    "niazy.template_peak_to_peak_median_after": 0.014647917822003365,
    "niazy.predicted_artifact_rms": 0.0005432844045571983,
    "niazy.trigger_locked_rms_reduction_pct": 0.644282925382722,
    "niazy.template_rms_reduction_pct": 0.6712915135079434,
    "niazy.template_peak_to_peak_reduction_pct": 3.9061036535407823
  }
}