{
  "metrics": {
    "synthetic": {
      "n_examples": 833,
      "n_channels": 30,
      "epoch_samples": 512,
      "clean_reconstruction_l1_before": 0.0009189959382638335,
      "clean_reconstruction_l1_after": 0.00014331183047033846,
      "clean_reconstruction_l2_before": 0.0018812920895137598,
      "clean_reconstruction_l2_after": 0.00039578184596752585,
      "clean_snr_db_before": -11.593128071318722,
      "clean_snr_db_after": 1.946879120755847,
      "artifact_prediction_l1": 0.00014331183047033846,
      "artifact_prediction_rms": 0.00039578184596725745,
      "artifact_correlation": 0.9776313969988457,
      "residual_rms_ratio": 0.21037766978612063,
      "clean_snr_improvement_db": 13.540007192074569
    },
    "real_proxy": {
      "trigger_locked_rms_before": 0.001910124991888904,
      "trigger_locked_rms_after": 0.0003705311840507346,
      "predicted_artifact_rms": 0.001847858500231697,
      "rms_reduction_pct": 80.6017310058689
    }
  },
  "flat_metrics": {
    "synthetic.n_examples": 833,
    "synthetic.n_channels": 30,
    "synthetic.epoch_samples": 512,
    "synthetic.clean_reconstruction_l1_before": 0.0009189959382638335,
    "synthetic.clean_reconstruction_l1_after": 0.00014331183047033846,
    "synthetic.clean_reconstruction_l2_before": 0.0018812920895137598,
    "synthetic.clean_reconstruction_l2_after": 0.00039578184596752585,
    "synthetic.clean_snr_db_before": -11.593128071318722,
    "synthetic.clean_snr_db_after": 1.946879120755847,
    "synthetic.artifact_prediction_l1": 0.00014331183047033846,
    "synthetic.artifact_prediction_rms": 0.00039578184596725745,
    "synthetic.artifact_correlation": 0.9776313969988457,
    "synthetic.residual_rms_ratio": 0.21037766978612063,
    "synthetic.clean_snr_improvement_db": 13.540007192074569,
    "real_proxy.trigger_locked_rms_before": 0.001910124991888904,
    "real_proxy.trigger_locked_rms_after": 0.0003705311840507346,
    "real_proxy.predicted_artifact_rms": 0.001847858500231697,
    "real_proxy.rms_reduction_pct": 80.6017310058689
  }
}