{
  "metrics": {
    "n_examples": 833,
    "sfreq_hz": 4096.0,
    "input_mean_removed": true,
    "prediction_mean_removed": true,
    "synthetic": {
      "clean_mse_before": 3.5392604331718758e-06,
      "clean_mse_after": 2.3557849715416523e-07,
      "clean_mae_before": 0.0009189959382638335,
      "clean_mae_after": 0.00021091032249387354,
      "clean_snr_db_before": -11.593130111694336,
      "clean_snr_db_after": 0.17463961243629456,
      "artifact_mse": 2.3557849715416523e-07,
      "artifact_mae": 0.00021091032249387354,
      "artifact_corr": 0.9667025249266686,
      "artifact_snr_db": 11.767768859863281,
      "residual_error_rms_ratio": 0.2579951630480285,
      "clean_snr_improvement_db": 11.76776972413063,
      "clean_mse_reduction_pct": 93.34384960919535
    },
    "real_proxy": {
      "trigger_locked_rms_before_uv": 1910.1252546533942,
      "trigger_locked_rms_after_uv": 57.278295571450144,
      "predicted_artifact_rms_uv": 1880.316180177033,
      "trigger_locked_rms_reduction_pct": 97.00133300515711
    }
  },
  "flat_metrics": {
    "n_examples": 833,
    "sfreq_hz": 4096.0,
    "input_mean_removed": true,
    "prediction_mean_removed": true,
    "synthetic.clean_mse_before": 3.5392604331718758e-06,
    "synthetic.clean_mse_after": 2.3557849715416523e-07,
    "synthetic.clean_mae_before": 0.0009189959382638335,
    "synthetic.clean_mae_after": 0.00021091032249387354,
    "synthetic.clean_snr_db_before": -11.593130111694336,
    "synthetic.clean_snr_db_after": 0.17463961243629456,
    "synthetic.artifact_mse": 2.3557849715416523e-07,
    "synthetic.artifact_mae": 0.00021091032249387354,
    "synthetic.artifact_corr": 0.9667025249266686,
    "synthetic.artifact_snr_db": 11.767768859863281,
    "synthetic.residual_error_rms_ratio": 0.2579951630480285,
    "synthetic.clean_snr_improvement_db": 11.76776972413063,
    "synthetic.clean_mse_reduction_pct": 93.34384960919535,
    "real_proxy.trigger_locked_rms_before_uv": 1910.1252546533942,
    "real_proxy.trigger_locked_rms_after_uv": 57.278295571450144,
    "real_proxy.predicted_artifact_rms_uv": 1880.316180177033,
    "real_proxy.trigger_locked_rms_reduction_pct": 97.00133300515711
  }
}