{
  "metrics": {
    "synthetic": {
      "n_examples": 1860,
      "sfreq_hz": 4096.0,
      "clean_mse_before": 3.034173005289631e-06,
      "clean_mse_after": 1.38936582061433e-06,
      "clean_mae_before": 0.0007775867125019431,
      "clean_mae_after": 0.0005305393133312464,
      "clean_snr_db_before": -40.39342498779297,
      "clean_snr_db_after": -37.00118637084961,
      "artifact_mse": 1.38936582061433e-06,
      "artifact_mae": 0.0005305393133312464,
      "artifact_corr": 0.7499676460607135,
      "artifact_snr_db": 3.3922371864318848,
      "residual_error_rms_ratio": 0.6766874726235943,
      "input_mean_removed": true,
      "prediction_mean_removed": true,
      "predicted_artifact_edge_abs_mean_uv": 216.67535400390625,
      "predicted_artifact_center_abs_mean_uv": 605.6080932617188,
      "predicted_artifact_edge_to_center_abs_ratio": 0.35778146982192993,
      "clean_mse_reduction_pct": 54.20940670844503,
      "clean_snr_improvement_db": 3.3922386169433594
    },
    "niazy": {
      "n_channels": 31,
      "n_samples": 333824,
      "sfreq_hz": 2048.0,
      "n_triggers": 840,
      "corrected_center_epochs": 833,
      "epoch_length_min": 292,
      "epoch_length_median": 292.0,
      "epoch_length_max": 303,
      "trigger_locked_rms_before": 0.008441969752311707,
      "trigger_locked_rms_after": 0.008383024483919144,
      "template_rms_before": 0.008347880095243454,
      "template_rms_after": 0.008287115953862667,
      "template_peak_to_peak_median_before": 0.01524333842098713,
      "template_peak_to_peak_median_after": 0.012923101894557476,
      "predicted_artifact_rms": 0.0005547655164264143,
      "trigger_locked_rms_reduction_pct": 0.6982406964490928,
      "template_rms_reduction_pct": 0.7278990676376607,
      "template_peak_to_peak_reduction_pct": 15.221314795682394
    }
  },
  "flat_metrics": {
    "synthetic.n_examples": 1860,
    "synthetic.sfreq_hz": 4096.0,
    "synthetic.clean_mse_before": 3.034173005289631e-06,
    "synthetic.clean_mse_after": 1.38936582061433e-06,
    "synthetic.clean_mae_before": 0.0007775867125019431,
    "synthetic.clean_mae_after": 0.0005305393133312464,
    "synthetic.clean_snr_db_before": -40.39342498779297,
    "synthetic.clean_snr_db_after": -37.00118637084961,
    "synthetic.artifact_mse": 1.38936582061433e-06,
    "synthetic.artifact_mae": 0.0005305393133312464,
    "synthetic.artifact_corr": 0.7499676460607135,
    "synthetic.artifact_snr_db": 3.3922371864318848,
    "synthetic.residual_error_rms_ratio": 0.6766874726235943,
    "synthetic.input_mean_removed": true,
    "synthetic.prediction_mean_removed": true,
    "synthetic.predicted_artifact_edge_abs_mean_uv": 216.67535400390625,
    "synthetic.predicted_artifact_center_abs_mean_uv": 605.6080932617188,
    "synthetic.predicted_artifact_edge_to_center_abs_ratio": 0.35778146982192993,
    "synthetic.clean_mse_reduction_pct": 54.20940670844503,
    "synthetic.clean_snr_improvement_db": 3.3922386169433594,
    "niazy.n_channels": 31,
    "niazy.n_samples": 333824,
    "niazy.sfreq_hz": 2048.0,
    "niazy.n_triggers": 840,
    "niazy.corrected_center_epochs": 833,
    "niazy.epoch_length_min": 292,
    "niazy.epoch_length_median": 292.0,
    "niazy.epoch_length_max": 303,
    "niazy.trigger_locked_rms_before": 0.008441969752311707,
    "niazy.trigger_locked_rms_after": 0.008383024483919144,
    "niazy.template_rms_before": 0.008347880095243454,
    "niazy.template_rms_after": 0.008287115953862667,
    "niazy.template_peak_to_peak_median_before": 0.01524333842098713,
    "niazy.template_peak_to_peak_median_after": 0.012923101894557476,
    "niazy.predicted_artifact_rms": 0.0005547655164264143,
    "niazy.trigger_locked_rms_reduction_pct": 0.6982406964490928,
    "niazy.template_rms_reduction_pct": 0.7278990676376607,
    "niazy.template_peak_to_peak_reduction_pct": 15.221314795682394
  }
}