{
  "metrics": {
    "synthetic": {
      "n_examples": 1860,
      "sfreq_hz": 4096.0,
      "clean_mse_before": 3.034173005289631e-06,
      "clean_mse_after": 3.0666710699733812e-06,
      "clean_mae_before": 0.0007775867125019431,
      "clean_mae_after": 0.0009221298969350755,
      "clean_snr_db_before": -40.39342498779297,
      "clean_snr_db_after": -40.43968963623047,
      "artifact_mse": 3.0666710699733812e-06,
      "artifact_mae": 0.0009221298969350755,
      "artifact_corr": 0.08624756369937937,
      "artifact_snr_db": -0.0462685152888298,
      "residual_error_rms_ratio": 1.005341080775384,
      "input_mean_removed": true,
      "prediction_mean_removed": true,
      "predicted_artifact_edge_abs_mean_uv": 278.7386779785156,
      "predicted_artifact_center_abs_mean_uv": 300.0558166503906,
      "predicted_artifact_edge_to_center_abs_ratio": 0.9289560914039612,
      "clean_mse_reduction_pct": -1.071068282101395,
      "clean_snr_improvement_db": -0.0462646484375
    },
    "niazy": {
      "n_channels": 31,
      "n_samples": 333824,
      "sfreq_hz": 2048.0,
      "n_triggers": 840,
      "corrected_center_epochs": 833,
      "epoch_length_min": 292,
      "epoch_length_median": 292.0,
      "epoch_length_max": 303,
      "trigger_locked_rms_before": 0.008441969752311707,
      "trigger_locked_rms_after": 0.008443309925496578,
      "template_rms_before": 0.008347880095243454,
      "template_rms_after": 0.008334643207490444,
      "template_peak_to_peak_median_before": 0.01524333842098713,
      "template_peak_to_peak_median_after": 0.015247534960508347,
      "predicted_artifact_rms": 0.00046206210390664637,
      "trigger_locked_rms_reduction_pct": -0.015875124220920966,
      "template_rms_reduction_pct": 0.15856585866095285,
      "template_peak_to_peak_reduction_pct": -0.027530317869484122
    }
  },
  "flat_metrics": {
    "synthetic.n_examples": 1860,
    "synthetic.sfreq_hz": 4096.0,
    "synthetic.clean_mse_before": 3.034173005289631e-06,
    "synthetic.clean_mse_after": 3.0666710699733812e-06,
    "synthetic.clean_mae_before": 0.0007775867125019431,
    "synthetic.clean_mae_after": 0.0009221298969350755,
    "synthetic.clean_snr_db_before": -40.39342498779297,
    "synthetic.clean_snr_db_after": -40.43968963623047,
    "synthetic.artifact_mse": 3.0666710699733812e-06,
    "synthetic.artifact_mae": 0.0009221298969350755,
    "synthetic.artifact_corr": 0.08624756369937937,
    "synthetic.artifact_snr_db": -0.0462685152888298,
    "synthetic.residual_error_rms_ratio": 1.005341080775384,
    "synthetic.input_mean_removed": true,
    "synthetic.prediction_mean_removed": true,
    "synthetic.predicted_artifact_edge_abs_mean_uv": 278.7386779785156,
    "synthetic.predicted_artifact_center_abs_mean_uv": 300.0558166503906,
    "synthetic.predicted_artifact_edge_to_center_abs_ratio": 0.9289560914039612,
    "synthetic.clean_mse_reduction_pct": -1.071068282101395,
    "synthetic.clean_snr_improvement_db": -0.0462646484375,
    "niazy.n_channels": 31,
    "niazy.n_samples": 333824,
    "niazy.sfreq_hz": 2048.0,
    "niazy.n_triggers": 840,
    "niazy.corrected_center_epochs": 833,
    "niazy.epoch_length_min": 292,
    "niazy.epoch_length_median": 292.0,
    "niazy.epoch_length_max": 303,
    "niazy.trigger_locked_rms_before": 0.008441969752311707,
    "niazy.trigger_locked_rms_after": 0.008443309925496578,
    "niazy.template_rms_before": 0.008347880095243454,
    "niazy.template_rms_after": 0.008334643207490444,
    "niazy.template_peak_to_peak_median_before": 0.01524333842098713,
    "niazy.template_peak_to_peak_median_after": 0.015247534960508347,
    "niazy.predicted_artifact_rms": 0.00046206210390664637,
    "niazy.trigger_locked_rms_reduction_pct": -0.015875124220920966,
    "niazy.template_rms_reduction_pct": 0.15856585866095285,
    "niazy.template_peak_to_peak_reduction_pct": -0.027530317869484122
  }
}